name,title,xpath,grid_name,parent_grid_name,type,widget,container,format,ignore_empty,ignore_autocalc_check,export_result,force_def_val,disabled,readonly,required,weight,allow_cyrillic,default_value,options,attributes,class,rows,minlength,maxlength,decimal_length,pattern,exclude_from_xml,extensions,max_size,tag,,,
ENT_NAME,Denumirea completa a contribuabilului,dec/DataSet/Header/ENT_NAME,,,text,textfield,,,0,0,0,0,0,1,0,0,0,@agent_name,,,text,0,0,0,0,,0,,,,,,
CUATM,Codul localităţii (CUATM),dec/DataSet/Header/CUATM,,,custom,select,%07d,%07d,0,0,0,0,0,0,1,2,0,@cuatm,"SELECT LEFT(CASE WHEN TRIM(c.code) REGEXP '^[135]' AND CHAR_LENGTH(TRIM(c.code)) = 6 THEN CONCAT('0', TRIM(c.code)) ELSE TRIM(c.code) END, 7) AS code, CONCAT(LEFT(CASE WHEN TRIM(c.code) REGEXP '^[135]' AND CHAR_LENGTH(TRIM(c.code)) = 6 THEN CONCAT('0', TRIM(c.code)) ELSE TRIM(c.code) END, 7), ' - ', t.name) FROM taxonomy_term_data t JOIN classifier_cuatm_full c ON c.tid = t.tid WHERE c.prgs IN ('5','3','4','6','8','9') AND c.code NOT IN ('101000');",,text,0,7,7,0,,0,,,,,,
CAEM,Activitatea principală,dec/DataSet/Header/CAEM,,,custom,select,,,0,0,0,0,0,0,0,13,0,@cuiio_caem_code,<?php return declarations_get_caem_list('vocabulary_18'); ?>,,text,0,0,300,0,,0,,,,,,
STREET,Strada,dec/DataSet/Header/STREET,,,text,textfield,,,0,0,0,0,0,0,0,2,0,@address,,,,0,0,100,0,,0,,,,,,
STREET_NR,Nr casei,dec/DataSet/Header/STREET_NR,,,text,textfield,,,0,0,0,0,0,0,0,3,0,,,,,0,0,100,0,,0,,,,,,
CUIIO,Codul CUIÎO,dec/DataSet/Header/CUIIO,,,text,textfield,,,0,0,0,0,0,0,1,4,0,@cuiio,,,,0,5,8,0,,0,,,,,,
IDNO,Codul fiscal,dec/DataSet/Header/IDNO,,,text,textfield,,,0,0,0,0,0,0,1,5,0,@fisccode,,,text,0,0,15,0,,0,,,,,,
HEAD,Conducătorul,dec/DataSet/Header/HEAD,,,text,textfield,,textfield,0,0,0,0,0,0,0,6,0,,,,text,0,0,0,0,,0,,,,,,
EXECUTOR,Executant,dec/DataSet/Header/EXECUTOR,,,text,textfield,,,0,0,0,0,0,0,0,7,0,@full_name,,,,0,0,0,0,,0,,,,,,
EMAIL,e-mail,dec/DataSet/Header/emal,,,text,textfield,,,0,0,0,0,0,0,0,9,0,@email,,,,0,0,60,0,,0,,,,,,
YEAR,Anul de raportare,dec/DataSet/Header/YEAR,,,period_year,select,,,0,0,0,0,0,0,1,10,0,@cur_year_period,,,text,0,0,4,0,,0,,,,,,
nalogPeriodLetter,Perioada fiscală,dec/DataSet/Header/nalogPeriodLetter,,,period_type,hidden,,,0,0,0,0,0,0,0,17,0,A,,,,0,0,0,0,,0,,,,,,
nalogPeriodType,Perioada fiscală ,dec/DataSet/Header/nalogPeriodType,,,period,hidden,,,0,0,0,0,0,0,1,79,0,@last_year_period,,,text,0,0,0,0,,0,,,,,,
TITLU_R2_C31,Executant,dec/DataSet/Data/TITLU_R2_C31,,,text,textfield,,,0,0,0,0,0,0,0,7,0,@full_name,,,text,0,0,100,0,,0,,,,,,
TITLU_R3_C31,Numar telefon,dec/DataSet/Data/TITLU_R3_C31,,,text,textfield,,textfield,0,0,0,0,0,0,1,12,1,@cuiio_telefon,,,text,0,0,12,0,,0,,,,,,
TITLU_R4_C31,e-mail,dec/DataSet/Data/TITLU_R4_C31,,,text,textfield,,textfield,0,0,0,0,0,0,0,6,0,,,,text,0,0,0,0,,0,,,,,,
TITLU_R7_C31,Conducătorul,dec/DataSet/Data/TITLU_R7_C31,,,text,textfield,,textfield,0,0,0,0,0,0,0,10,0,,,,text,0,0,0,0,,0,,,,,,
TITLU_R5_C31,Forma de proprietate,dec/DataSet/Data/TITLU_R5_C31,,,custom,select,,,0,0,0,0,0,0,1,6,0,@cuiio_cfp_code,<?php return classifiers_get_list('forma_de_proprietate'); ?>,,text,0,0,300,0,,0,,,,,,
TITLU_R1_C31,Forma organizatorico-juridică,dec/DataSet/Data/TITLU_R1_C31,,,custom,select,,,0,0,0,0,0,0,1,7,0,@cuiio_cfoj_code,<?php return classifiers_get_list('forma_organizatorico_juridica'); ?>,,text,0,0,300,0,,0,,,,,,
CAP1_R100_C1,Capitol 1 Rînd. 100 col.1,dec/DataSet/Data/CAP1_R100_C1,,,float,textfield,,,0,0,0,0,0,0,0,14,0,,,,table number,0,0,20,1,,0,,,,,,
CAP1_R110_C1,Capitol 1 Rînd. 110 col.1,dec/DataSet/Data/CAP1_R110_C1,,,float,textfield,,,0,0,0,0,0,1,0,14,0,,,,table number,0,0,20,1,,0,,,,,,
CAP1_R111_C1,Capitol 1 Rînd. 111 col.1,dec/DataSet/Data/CAP1_R111_C1,,,float,textfield,,,0,0,0,0,0,0,0,14,0,,,,table number,0,0,20,1,,0,,,,,,
CAP1_R112_C1,Capitol 1 Rînd. 112 col.1,dec/DataSet/Data/CAP1_R112_C1,,,float,textfield,,,0,0,0,0,0,0,0,14,0,,,,table number,0,0,20,1,,0,,,,,,
CAP1_R120_C1,Capitol 1 Rînd. 120 col.1,dec/DataSet/Data/CAP1_R120_C1,,,float,textfield,,,0,0,0,0,0,1,0,14,0,,,,table number,0,0,20,1,,0,,,,,,
CAP1_R121_C1,Capitol 1 Rînd. 121 col.1,dec/DataSet/Data/CAP1_R121_C1,,,float,textfield,,,0,0,0,0,0,0,0,14,0,,,,table number,0,0,20,1,,0,,,,,,
CAP1_R122_C1,Capitol 1 Rînd. 122 col.1,dec/DataSet/Data/CAP1_R122_C1,,,float,textfield,,,0,0,0,0,0,0,0,14,0,,,,table number,0,0,20,1,,0,,,,,,
CAP1_R130_C1,Capitol 1 Rînd. 130 col.1,dec/DataSet/Data/CAP1_R130_C1,,,float,textfield,,,0,0,0,0,0,0,0,14,0,,,,table number,0,0,20,1,,0,,,,,,
CAP1_R140_C1,Capitol 1 Rînd. 140 col.1,dec/DataSet/Data/CAP1_R140_C1,,,float,textfield,,,0,0,0,0,0,0,0,14,0,,,,table number,0,0,20,1,,0,,,,,,
CAP1_R150_C1,Capitol 1 Rînd. 150 col.1,dec/DataSet/Data/CAP1_R150_C1,,,float,textfield,,,0,0,0,0,0,1,0,14,0,,,,table number,0,0,20,1,,0,,,,,,
CAP1_R151_C1,Capitol 1 Rînd. 151 col.1,dec/DataSet/Data/CAP1_R151_C1,,,float,textfield,,,0,0,0,0,0,0,0,14,0,,,,table number,0,0,20,1,,0,,,,,,
CAP1_R160_C1,Capitol 1 Rînd. 160 col.1,dec/DataSet/Data/CAP1_R160_C1,,,float,textfield,,,0,0,0,0,0,0,0,14,0,,,,table number,0,0,20,1,,0,,,,,,
CAP1_R170_C1,Capitol 1 Rînd. 170 col.1,dec/DataSet/Data/CAP1_R170_C1,,,float,textfield,,,0,0,0,0,0,0,0,14,0,,,,table number,0,0,20,1,,0,,,,,,
CAP1_R180_C1,Capitol 1 Rînd. 180 col.1,dec/DataSet/Data/CAP1_R180_C1,,,float,textfield,,,0,0,0,0,0,0,0,14,0,,,,table number,0,0,20,1,,0,,,,,,
CAP2_R200_C1,Capitol 2 Rînd. 200 col.1,dec/DataSet/Data/CAP2_R200_C1,,,float,textfield,,,0,0,0,0,0,0,0,14,0,,,,table number,0,0,20,1,,0,,,,,,
CAP2_R210_C1,Capitol 2 Rînd. 210 col.1,dec/DataSet/Data/CAP2_R210_C1,,,float,textfield,,,0,0,0,0,0,1,0,14,0,,,,table number,0,0,20,1,,0,,,,,,
CAP2_R220_C1,Capitol 2 Rînd. 220 col.1,dec/DataSet/Data/CAP2_R220_C1,,,float,textfield,,,0,0,0,0,0,0,0,14,0,,,,table number,0,0,20,1,,0,,,,,,
CAP2_R221_C1,Capitol 2 Rînd. 221 col.1,dec/DataSet/Data/CAP2_R221_C1,,,float,textfield,,,0,0,0,0,0,0,0,14,0,,,,table number,0,0,20,1,,0,,,,,,
CAP2_R222_C1,Capitol 2 Rînd. 222 col.1,dec/DataSet/Data/CAP2_R222_C1,,,float,textfield,,,0,0,0,0,0,0,0,14,0,,,,table number,0,0,20,1,,0,,,,,,
CAP2_R240_C1,Capitol 2 Rînd. 240 col.1,dec/DataSet/Data/CAP2_R240_C1,,,float,textfield,,,0,0,0,0,0,0,0,14,0,,,,table number,0,0,20,1,,0,,,,,,
CAP2_R241_C1,Capitol 2 Rînd. 241 col.1,dec/DataSet/Data/CAP2_R241_C1,,,float,textfield,,,0,0,0,0,0,0,0,14,0,,,,table number,0,0,20,1,,0,,,,,,
CAP2_R242_C1,Capitol 2 Rînd. 242 col.1,dec/DataSet/Data/CAP2_R242_C1,,,float,textfield,,,0,0,0,0,0,0,0,14,0,,,,table number,0,0,20,1,,0,,,,,,
CAP2_R243_C1,Capitol 2 Rînd. 243 col.1,dec/DataSet/Data/CAP2_R243_C1,,,float,textfield,,,0,0,0,0,0,0,0,14,0,,,,table number,0,0,20,1,,0,,,,,,
CAP2_R260_C1,Capitol 2 Rînd. 260 col.1,dec/DataSet/Data/CAP2_R260_C1,,,float,textfield,,,0,0,0,0,0,0,0,14,0,,,,table number,0,0,20,1,,0,,,,,,
CAP2_R270_C1,Capitol 2 Rînd. 270 col.1,dec/DataSet/Data/CAP2_R270_C1,,,float,textfield,,,0,0,0,0,0,0,0,14,0,,,,table number,0,0,20,1,,0,,,,,,
CAP2_R280_C1,Capitol 2 Rînd. 280 col.1,dec/DataSet/Data/CAP2_R280_C1,,,float,textfield,,,0,0,0,0,0,0,0,14,0,,,,table number,0,0,20,1,,0,,,,,,
CAP2_R290_C1,Capitol 2 Rînd. 290 col.1,dec/DataSet/Data/CAP2_R290_C1,,,float,textfield,,,0,0,0,0,0,1,0,14,0,,,,table number,0,0,20,1,,0,,,,,,
CAP2_R291_C1,Capitol 2 Rînd. 291 col.1,dec/DataSet/Data/CAP2_R291_C1,,,float,textfield,,,0,0,0,0,0,0,0,14,0,,,,table number,0,0,20,1,,0,,,,,,
CAP2_R2911_C1,Capitol 2 Rînd. 2911 col.1,dec/DataSet/Data/CAP2_R2911_C1,,,float,textfield,,,0,0,0,0,0,0,0,14,0,,,,table number,0,0,20,1,,0,,,,,,
CAP2_R2912_C1,Capitol 2 Rînd. 2912 col.1,dec/DataSet/Data/CAP2_R2912_C1,,,float,textfield,,,0,0,0,0,0,0,0,14,0,,,,table number,0,0,20,1,,0,,,,,,
CAP2_R292_C1,Capitol 2 Rînd. 292 col.1,dec/DataSet/Data/CAP2_R292_C1,,,float,textfield,,,0,0,0,0,0,0,0,14,0,,,,table number,0,0,20,1,,0,,,,,,
CAP2_R293_C1,Capitol 2 Rînd. 293 col.1,dec/DataSet/Data/CAP2_R293_C1,,,float,textfield,,,0,0,0,0,0,0,0,14,0,,,,table number,0,0,20,1,,0,,,,,,
CAP2_R2931_C1,Capitol 2 Rînd. 2931 col.1,dec/DataSet/Data/CAP2_R2931_C1,,,float,textfield,,,0,0,0,0,0,0,0,14,0,,,,table number,0,0,20,1,,0,,,,,,
CAP2_R295_C1,Capitol 2 Rînd. 295 col.1,dec/DataSet/Data/CAP2_R295_C1,,,float,textfield,,,0,0,0,0,0,0,0,14,0,,,,table number,0,0,20,1,,0,,,,,,
CAP2_R296_C1,Capitol 2 Rînd. 296 col.1,dec/DataSet/Data/CAP2_R296_C1,,,float,textfield,,,0,0,0,0,0,0,0,14,0,,,,table number,0,0,20,1,,0,,,,,,
CAP2_R2961_C1,Capitol 2 Rînd. 2961 col.1,dec/DataSet/Data/CAP2_R2961_C1,,,float,textfield,,,0,0,0,0,0,0,0,14,0,,,,table number,0,0,20,1,,0,,,,,,
CAP2_R2962_C1,Capitol 2 Rînd. 2962 col.1,dec/DataSet/Data/CAP2_R2962_C1,,,float,textfield,,,0,0,0,0,0,0,0,14,0,,,,table number,0,0,20,1,,0,,,,,,
CAP2_R297_C1,Capitol 2 Rînd. 297 col.1,dec/DataSet/Data/CAP2_R297_C1,,,float,textfield,,,0,0,0,0,0,0,0,14,0,,,,table number,0,0,20,1,,0,,,,,,
CAP2_R300_C1,Capitol 2 Rînd. 300 col.1,dec/DataSet/Data/CAP2_R300_C1,,,float,textfield,,,0,0,0,0,0,1,0,14,0,,,,table number,0,0,20,1,,0,,,,,,
CAP2_R305_C1,Capitol 2 Rînd. 305 col.1,dec/DataSet/Data/CAP2_R305_C1,,,float,textfield,,,0,0,0,0,0,0,0,14,0,,,,table number,0,0,20,1,,0,,,,,,
CAP2_R310_C1,Capitol 2 Rînd. 310 col.1,dec/DataSet/Data/CAP2_R310_C1,,,float,textfield,,,0,0,0,0,0,0,0,14,0,,,,table number,0,0,20,1,,0,,,,,,
CAP2_R311_C1,Capitol 2 Rînd. 311 col.1,dec/DataSet/Data/CAP2_R311_C1,,,float,textfield,,,0,0,0,0,0,0,0,14,0,,,,table number,0,0,20,1,,0,,,,,,
CAP2_R312_C1,Capitol 2 Rînd. 312 col.1,dec/DataSet/Data/CAP2_R312_C1,,,float,textfield,,,0,0,0,0,0,0,0,14,0,,,,table number,0,0,20,1,,0,,,,,,
CAP21_R2100_1_C1,Capitol 2.1 Rînd. 2100 col.1,dec/DataSet/Data/CAP21_R2100-1_C1,,,float,textfield,,,0,0,0,0,0,1,0,14,0,,,,table number,0,0,20,1,,0,,,,,,
CAP21_R2101_1_C1,Capitol 2.1 Rînd. 2101 col.1,dec/DataSet/Data/CAP21_R2101-1_C1,,,float,textfield,,,0,0,0,0,0,0,0,14,0,,,,table number,0,0,20,1,,0,,,,,,
CAP21_R2101_2_C1,Capitol 2.1 Rînd. 2101 col.2,dec/DataSet/Data/CAP21_R2101-2_C1,,,float,textfield,,,0,0,0,0,0,0,0,14,0,,,,table number,0,0,20,1,,0,,,,,,
CAP21_R2101_3_C1,Capitol 2.1 Rînd. 2101 col.3,dec/DataSet/Data/CAP21_R2101-3_C1,,,float,textfield,,,0,0,0,0,0,0,0,14,0,,,,table number,0,0,20,1,,0,,,,,,
CAP21_R2102_1_C1,Capitol 2.1 Rînd. 2102 col.1,dec/DataSet/Data/CAP21_R2102-1_C1,,,float,textfield,,,0,0,0,0,0,0,0,14,0,,,,table number,0,0,20,1,,0,,,,,,
CAP21_R2102_2_C1,Capitol 2.1 Rînd. 2102col.2,dec/DataSet/Data/CAP21_R2102-2_C1,,,float,textfield,,,0,0,0,0,0,0,0,14,0,,,,table number,0,0,20,1,,0,,,,,,
CAP21_R2102_3_C1,Capitol 2.1 Rînd. 2102col.2,dec/DataSet/Data/CAP21_R2102-3_C1,,,float,textfield,,,0,0,0,0,0,0,0,14,0,,,,table number,0,0,20,1,,0,,,,,,
CAP21_R2102_4_C1,Capitol 2.1 Rînd. 2102 col.4,dec/DataSet/Data/CAP21_R2102-4_C1,,,float,textfield,,,0,0,0,0,0,0,0,14,0,,,,table number,0,0,20,1,,0,,,,,,
CAP21_R2103_1_C1,Capitol 2.1 Rînd. 2103 col.1,dec/DataSet/Data/CAP21_R2103-1_C1,,,float,textfield,,,0,0,0,0,0,0,0,14,0,,,,table number,0,0,20,1,,0,,,,,,
CAP21_R2103_2_C1,Capitol 2.1 Rînd. 2103 col.2,dec/DataSet/Data/CAP21_R2103-2_C1,,,float,textfield,,,0,0,0,0,0,0,0,14,0,,,,table number,0,0,20,1,,0,,,,,,
CAP21_R2103_3_C1,Capitol 2.1 Rînd. 2103 col.3,dec/DataSet/Data/CAP21_R2103-3_C1,,,float,textfield,,,0,0,0,0,0,0,0,14,0,,,,table number,0,0,20,1,,0,,,,,,
CAP21_R2104_1_C1,Capitol 2.1 Rînd. 2104 col.1,dec/DataSet/Data/CAP21_R2104-1_C1,,,float,textfield,,,0,0,0,0,0,0,0,14,0,,,,table number,0,0,20,1,,0,,,,,,
CAP21_R2104_2_C1,Capitol 2.1 Rînd. 2104 col.2,dec/DataSet/Data/CAP21_R2104-2_C1,,,float,textfield,,,0,0,0,0,0,0,0,14,0,,,,table number,0,0,20,1,,0,,,,,,
CAP21_R2104_3_C1,Capitol 2.1 Rînd. 2104 col.3,dec/DataSet/Data/CAP21_R2104-3_C1,,,float,textfield,,,0,0,0,0,0,0,0,14,0,,,,table number,0,0,20,1,,0,,,,,,
CAP21_R2104_4_C1,Capitol 2.1 Rînd. 2104 col.4,dec/DataSet/Data/CAP21_R2104-4_C1,,,float,textfield,,,0,0,0,0,0,0,0,14,0,,,,table number,0,0,20,1,,0,,,,,,
CAP21_R2105_1_C1,Capitol 2.1 Rînd. 2105 col.1,dec/DataSet/Data/CAP21_R2105-1_C1,,,float,textfield,,,0,0,0,0,0,0,0,14,0,,,,table number,0,0,20,1,,0,,,,,,
CAP21_R2105_2_C1,Capitol 2.1 Rînd. 2105 col.2,dec/DataSet/Data/CAP21_R2105-2_C1,,,float,textfield,,,0,0,0,0,0,0,0,14,0,,,,table number,0,0,20,1,,0,,,,,,
CAP21_R2105_3_C1,Capitol 2.1 Rînd. 2105 col.3,dec/DataSet/Data/CAP21_R2105-3_C1,,,float,textfield,,,0,0,0,0,0,0,0,14,0,,,,table number,0,0,20,1,,0,,,,,,
CAP21_R2106_1_C1,Capitol 2.1 Rînd. 2106 col.1,dec/DataSet/Data/CAP21_R2106-1_C1,,,float,textfield,,,0,0,0,0,0,0,0,14,0,,,,table number,0,0,20,1,,0,,,,,,
CAP21_R2106_2_C1,Capitol 2.1 Rînd. 2106 col.2,dec/DataSet/Data/CAP21_R2106-2_C1,,,float,textfield,,,0,0,0,0,0,0,0,14,0,,,,table number,0,0,20,1,,0,,,,,,
CAP21_R2106_3_C1,Capitol 2.1 Rînd. 2106 col.3,dec/DataSet/Data/CAP21_R2106-3_C1,,,float,textfield,,,0,0,0,0,0,0,0,14,0,,,,table number,0,0,20,1,,0,,,,,,
CAP21_R2107_1_C1,Capitol 2.1 Rînd. 2107 col.1,dec/DataSet/Data/CAP21_R2107-1_C1,,,float,textfield,,,0,0,0,0,0,0,0,14,0,,,,table number,0,0,20,1,,0,,,,,,
CAP21_R2107_2_C1,Capitol 2.1 Rînd. 2107 col.2,dec/DataSet/Data/CAP21_R2107-2_C1,,,float,textfield,,,0,0,0,0,0,0,0,14,0,,,,table number,0,0,20,1,,0,,,,,,
CAP21_R2107_3_C1,Capitol 2.1 Rînd. 2107 col.3,dec/DataSet/Data/CAP21_R2107-3_C1,,,float,textfield,,,0,0,0,0,0,0,0,14,0,,,,table number,0,0,20,1,,0,,,,,,
CAP21_R2108_1_C1,Capitol 2.1 Rînd. 2108 col.1,dec/DataSet/Data/CAP21_R2108-1_C1,,,float,textfield,,,0,0,0,0,0,0,0,14,0,,,,table number,0,0,20,1,,0,,,,,,
CAP21_R2108_2_C1,Capitol 2.1 Rînd. 2108 col.2,dec/DataSet/Data/CAP21_R2108-2_C1,,,float,textfield,,,0,0,0,0,0,0,0,14,0,,,,table number,0,0,20,1,,0,,,,,,
CAP21_R2108_3_C1,Capitol 2.1 Rînd. 2108 col.3,dec/DataSet/Data/CAP21_R2108-3_C1,,,float,textfield,,,0,0,0,0,0,0,0,14,0,,,,table number,0,0,20,1,,0,,,,,,
CAP21_R2109_1_C1,Capitol 2.1 Rînd. 2109 col.1,dec/DataSet/Data/CAP21_R2109-1_C1,,,float,textfield,,,0,0,0,0,0,0,0,14,0,,,,table number,0,0,20,1,,0,,,,,,
CAP21_R2109_2_C1,Capitol 2.1 Rînd. 2109 col.2,dec/DataSet/Data/CAP21_R2109-2_C1,,,float,textfield,,,0,0,0,0,0,0,0,14,0,,,,table number,0,0,20,1,,0,,,,,,
CAP21_R2109_3_C1,Capitol 2.1 Rînd. 2109 col.3,dec/DataSet/Data/CAP21_R2109-3_C1,,,float,textfield,,,0,0,0,0,0,0,0,14,0,,,,table number,0,0,20,1,,0,,,,,,
CAP21_R2110_1_C1,Capitol 2.1 Rînd. 2110 col.1,dec/DataSet/Data/CAP21_R2110-1_C1,,,float,textfield,,,0,0,0,0,0,0,0,14,0,,,,table number,0,0,20,1,,0,,,,,,
CAP21_R2110_2_C1,Capitol 2.1 Rînd. 2110 col.2,dec/DataSet/Data/CAP21_R2110-2_C1,,,float,textfield,,,0,0,0,0,0,0,0,14,0,,,,table number,0,0,20,1,,0,,,,,,
CAP21_R2110_3_C1,Capitol 2.1 Rînd. 2110 col.3,dec/DataSet/Data/CAP21_R2110-3_C1,,,float,textfield,,,0,0,0,0,0,0,0,14,0,,,,table number,0,0,20,1,,0,,,,,,
CAP21_R2110_4_C1,Capitol 2.1 Rînd. 2110 col.4,dec/DataSet/Data/CAP21_R2110-4_C1,,,float,textfield,,,0,0,0,0,0,0,0,14,0,,,,table number,0,0,20,1,,0,,,,,,
CAP21_R2111_1_C1,Capitol 2.1 Rînd. 2111 col.1,dec/DataSet/Data/CAP21_R2111-1_C1,,,float,textfield,,,0,0,0,0,0,0,0,14,0,,,,table number,0,0,20,1,,0,,,,,,
CAP21_R2111_2_C1,Capitol 2.1 Rînd. 2111 col.2,dec/DataSet/Data/CAP21_R2111-2_C1,,,float,textfield,,,0,0,0,0,0,0,0,14,0,,,,table number,0,0,20,1,,0,,,,,,
CAP21_R2111_3_C1,Capitol 2.1 Rînd. 2111 col.3,dec/DataSet/Data/CAP21_R2111-3_C1,,,float,textfield,,,0,0,0,0,0,0,0,14,0,,,,table number,0,0,20,1,,0,,,,,,
CAP21_R2111_4_C1,Capitol 2.1 Rînd. 2111 col.4,dec/DataSet/Data/CAP21_R2111-4_C1,,,float,textfield,,,0,0,0,0,0,0,0,14,0,,,,table number,0,0,20,1,,0,,,,,,
CAP21_R2112_1_C1,Capitol 2.1 Rînd. 2112 col.1,dec/DataSet/Data/CAP21_R2112-1_C1,,,float,textfield,,,0,0,0,0,0,0,0,14,0,,,,table number,0,0,20,1,,0,,,,,,
CAP21_R2112_2_C1,Capitol 2.1 Rînd. 2112 col.2,dec/DataSet/Data/CAP21_R2112-2_C1,,,float,textfield,,,0,0,0,0,0,0,0,14,0,,,,table number,0,0,20,1,,0,,,,,,
CAP21_R2112_3_C1,Capitol 2.1 Rînd. 2112 col.3,dec/DataSet/Data/CAP21_R2112-3_C1,,,float,textfield,,,0,0,0,0,0,0,0,14,0,,,,table number,0,0,20,1,,0,,,,,,
CAP21_R2112_4_C1,Capitol 2.1 Rînd. 2112 col.4,dec/DataSet/Data/CAP21_R2112-4_C1,,,float,textfield,,,0,0,0,0,0,0,0,14,0,,,,table number,0,0,20,1,,0,,,,,,
CAP21_R2113_1_C1,Capitol 2.1 Rînd. 2113 col.1,dec/DataSet/Data/CAP21_R2113-1_C1,,,float,textfield,,,0,0,0,0,0,0,0,14,0,,,,table number,0,0,20,1,,0,,,,,,
CAP21_R2113_2_C1,Capitol 2.1 Rînd. 2113 col.2,dec/DataSet/Data/CAP21_R2113-2_C1,,,float,textfield,,,0,0,0,0,0,0,0,14,0,,,,table number,0,0,20,1,,0,,,,,,
CAP21_R2113_3_C1,Capitol 2.1 Rînd. 2113 col.3,dec/DataSet/Data/CAP21_R2113-3_C1,,,float,textfield,,,0,0,0,0,0,0,0,14,0,,,,table number,0,0,20,1,,0,,,,,,
CAP21_R2113_4_C1,Capitol 2.1 Rînd. 2113 col.4,dec/DataSet/Data/CAP21_R2113-4_C1,,,float,textfield,,,0,0,0,0,0,0,0,14,0,,,,table number,0,0,20,1,,0,,,,,,
CAP21_R2114_1_C1,Capitol 2.1 Rînd. 2114 col.1,dec/DataSet/Data/CAP21_R2114-1_C1,,,float,textfield,,,0,0,0,0,0,0,0,14,0,,,,table number,0,0,20,1,,0,,,,,,
CAP21_R2114_2_C1,Capitol 2.1 Rînd. 2114 col.2,dec/DataSet/Data/CAP21_R2114-2_C1,,,float,textfield,,,0,0,0,0,0,0,0,14,0,,,,table number,0,0,20,1,,0,,,,,,
CAP21_R2114_3_C1,Capitol 2.1 Rînd. 2114 col.3,dec/DataSet/Data/CAP21_R2114-3_C1,,,float,textfield,,,0,0,0,0,0,0,0,14,0,,,,table number,0,0,20,1,,0,,,,,,
CAP21_R2114_4_C1,Capitol 2.1 Rînd. 2114 col.4,dec/DataSet/Data/CAP21_R2114-4_C1,,,float,textfield,,,0,0,0,0,0,0,0,14,0,,,,table number,0,0,20,1,,0,,,,,,
CAP21_R2115_1_C1,Capitol 2.1 Rînd. 2115 col.1,dec/DataSet/Data/CAP21_R2115-1_C1,,,float,textfield,,,0,0,0,0,0,0,0,14,0,,,,table number,0,0,20,1,,0,,,,,,
CAP21_R2115_2_C1,Capitol 2.1 Rînd. 2115 col.2,dec/DataSet/Data/CAP21_R2115-2_C1,,,float,textfield,,,0,0,0,0,0,0,0,14,0,,,,table number,0,0,20,1,,0,,,,,,
CAP21_R2115_3_C1,Capitol 2.1 Rînd. 2115 col.3,dec/DataSet/Data/CAP21_R2115-3_C1,,,float,textfield,,,0,0,0,0,0,0,0,14,0,,,,table number,0,0,20,1,,0,,,,,,
CAP21_R2115_4_C1,Capitol 2.1 Rînd. 2115 col.4,dec/DataSet/Data/CAP21_R2115-4_C1,,,float,textfield,,,0,0,0,0,0,0,0,14,0,,,,table number,0,0,20,1,,0,,,,,,
CAP21_R2116_1_C1,Capitol 2.1 Rînd. 2116 col.1,dec/DataSet/Data/CAP21_R2116-1_C1,,,float,textfield,,,0,0,0,0,0,0,0,14,0,,,,table number,0,0,20,1,,0,,,,,,
CAP21_R2116_2_C1,Capitol 2.1 Rînd. 2116 col.2,dec/DataSet/Data/CAP21_R2116-2_C1,,,float,textfield,,,0,0,0,0,0,0,0,14,0,,,,table number,0,0,20,1,,0,,,,,,
CAP21_R2116_3_C1,Capitol 2.1 Rînd. 2116 col.3,dec/DataSet/Data/CAP21_R2116-3_C1,,,float,textfield,,,0,0,0,0,0,0,0,14,0,,,,table number,0,0,20,1,,0,,,,,,
CAP21_R2116_4_C1,Capitol 2.1 Rînd. 2116 col.4,dec/DataSet/Data/CAP21_R2116-4_C1,,,float,textfield,,,0,0,0,0,0,0,0,14,0,,,,table number,0,0,20,1,,0,,,,,,
CAP21_R2117_1_C1,Capitol 2.1 Rînd. 2117 col.1,dec/DataSet/Data/CAP21_R2117-1_C1,,,float,textfield,,,0,0,0,0,0,0,0,14,0,,,,table number,0,0,20,1,,0,,,,,,
CAP21_R2117_2_C1,Capitol 2.1 Rînd. 2117 col.2,dec/DataSet/Data/CAP21_R2117-2_C1,,,float,textfield,,,0,0,0,0,0,0,0,14,0,,,,table number,0,0,20,1,,0,,,,,,
CAP21_R2117_3_C1,Capitol 2.1 Rînd. 2117 col.3,dec/DataSet/Data/CAP21_R2117-3_C1,,,float,textfield,,,0,0,0,0,0,0,0,14,0,,,,table number,0,0,20,1,,0,,,,,,
CAP21_R2117_4_C1,Capitol 2.1 Rînd. 2117 col.4,dec/DataSet/Data/CAP21_R2117-4_C1,,,float,textfield,,,0,0,0,0,0,0,0,14,0,,,,table number,0,0,20,1,,0,,,,,,
CAP21_R2118_1_C1,Capitol 2.1 Rînd. 2118 col.1,dec/DataSet/Data/CAP21_R2118-1_C1,,,float,textfield,,,0,0,0,0,0,0,0,14,0,,,,table number,0,0,20,1,,0,,,,,,
CAP21_R2118_2_C1,Capitol 2.1 Rînd. 2118 col.2,dec/DataSet/Data/CAP21_R2118-2_C1,,,float,textfield,,,0,0,0,0,0,0,0,14,0,,,,table number,0,0,20,1,,0,,,,,,
CAP21_R2118_3_C1,Capitol 2.1 Rînd. 2118 col.3,dec/DataSet/Data/CAP21_R2118-3_C1,,,float,textfield,,,0,0,0,0,0,0,0,14,0,,,,table number,0,0,20,1,,0,,,,,,
CAP21_R2118_4_C1,Capitol 2.1 Rînd. 2118 col.4,dec/DataSet/Data/CAP21_R2118-4_C1,,,float,textfield,,,0,0,0,0,0,0,0,14,0,,,,table number,0,0,20,1,,0,,,,,,
CAP21_R2119_1_C1,Capitol 2.1 Rînd. 2119 col.1,dec/DataSet/Data/CAP21_R2119-1_C1,,,float,textfield,,,0,0,0,0,0,0,0,14,0,,,,table number,0,0,20,1,,0,,,,,,
CAP21_R2119_2_C1,Capitol 2.1 Rînd. 2119 col.2,dec/DataSet/Data/CAP21_R2119-2_C1,,,float,textfield,,,0,0,0,0,0,0,0,14,0,,,,table number,0,0,20,1,,0,,,,,,
CAP21_R2119_3_C1,Capitol 2.1 Rînd. 2119 col.3,dec/DataSet/Data/CAP21_R2119-3_C1,,,float,textfield,,,0,0,0,0,0,0,0,14,0,,,,table number,0,0,20,1,,0,,,,,,
CAP21_R2119_4_C1,Capitol 2.1 Rînd. 2119 col.4,dec/DataSet/Data/CAP21_R2119-4_C1,,,float,textfield,,,0,0,0,0,0,0,0,14,0,,,,table number,0,0,20,1,,0,,,,,,
CAP21_R2120_1_C1,Capitol 2.1 Rînd. 2120 col.1,dec/DataSet/Data/CAP21_R2120-1_C1,,,float,textfield,,,0,0,0,0,0,0,0,14,0,,,,table number,0,0,20,1,,0,,,,,,
CAP21_R2120_2_C1,Capitol 2.1 Rînd. 2120 col.2,dec/DataSet/Data/CAP21_R2120-2_C1,,,float,textfield,,,0,0,0,0,0,0,0,14,0,,,,table number,0,0,20,1,,0,,,,,,
CAP21_R2120_3_C1,Capitol 2.1 Rînd. 2120 col.3,dec/DataSet/Data/CAP21_R2120-3_C1,,,float,textfield,,,0,0,0,0,0,0,0,14,0,,,,table number,0,0,20,1,,0,,,,,,
CAP21_R2121_1_C1,Capitol 2.1 Rînd. 2121 col.1,dec/DataSet/Data/CAP21_R2121-1_C1,,,float,textfield,,,0,0,0,0,0,0,0,14,0,,,,table number,0,0,20,1,,0,,,,,,
CAP21_R2121_2_C1,Capitol 2.1 Rînd. 2121 col.2,dec/DataSet/Data/CAP21_R2121-2_C1,,,float,textfield,,,0,0,0,0,0,0,0,14,0,,,,table number,0,0,20,1,,0,,,,,,
CAP21_R2121_3_C1,Capitol 2.1 Rînd. 2121 col.3,dec/DataSet/Data/CAP21_R2121-3_C1,,,float,textfield,,,0,0,0,0,0,0,0,14,0,,,,table number,0,0,20,1,,0,,,,,,
CAP21_R2121_4_C1,Capitol 2.1 Rînd. 2121 col.4,dec/DataSet/Data/CAP21_R2121-4_C1,,,float,textfield,,,0,0,0,0,0,0,0,14,0,,,,table number,0,0,20,1,,0,,,,,,
CAP21_R2122_1_C1,Capitol 2.1 Rînd. 2122 col.1,dec/DataSet/Data/CAP21_R2122-1_C1,,,float,textfield,,,0,0,0,0,0,0,0,14,0,,,,table number,0,0,20,1,,0,,,,,,
CAP21_R2123_1_C1,Capitol 2.1 Rînd. 2123 col.1,dec/DataSet/Data/CAP21_R2123-1_C1,,,float,textfield,,,0,0,0,0,0,0,0,14,0,,,,table number,0,0,20,1,,0,,,,,,
CAP21_R2123_2_C1,Capitol 2.1 Rînd. 2123 col.2,dec/DataSet/Data/CAP21_R2123-2_C1,,,float,textfield,,,0,0,0,0,0,0,0,14,0,,,,table number,0,0,20,1,,0,,,,,,
CAP21_R2123_3_C1,Capitol 2.1 Rînd. 2123 col.3,dec/DataSet/Data/CAP21_R2123-3_C1,,,float,textfield,,,0,0,0,0,0,0,0,14,0,,,,table number,0,0,20,1,,0,,,,,,
CAP21_R2123_4_C1,Capitol 2.1 Rînd. 2123 col.4,dec/DataSet/Data/CAP21_R2123-4_C1,,,float,textfield,,,0,0,0,0,0,0,0,14,0,,,,table number,0,0,20,1,,0,,,,,,
CAP21_R2124_1_C1,Capitol 2.1 Rînd. 2124 col.1,dec/DataSet/Data/CAP21_R2124-1_C1,,,float,textfield,,,0,0,0,0,0,0,0,14,0,,,,table number,0,0,20,1,,0,,,,,,
CAP21_R2124_2_C1,Capitol 2.1 Rînd. 2124 col.2,dec/DataSet/Data/CAP21_R2124-2_C1,,,float,textfield,,,0,0,0,0,0,0,0,14,0,,,,table number,0,0,20,1,,0,,,,,,
CAP21_R2124_3_C1,Capitol 2.1 Rînd. 2124 col.3,dec/DataSet/Data/CAP21_R2124-3_C1,,,float,textfield,,,0,0,0,0,0,0,0,14,0,,,,table number,0,0,20,1,,0,,,,,,
CAP21_R2124_4_C1,Capitol 2.1 Rînd. 2124 col.4,dec/DataSet/Data/CAP21_R2124-4_C1,,,float,textfield,,,0,0,0,0,0,0,0,14,0,,,,table number,0,0,20,1,,0,,,,,,
CAP21_R2125_1_C1,Capitol 2.1 Rînd. 2125 col.1,dec/DataSet/Data/CAP21_R2125-1_C1,,,float,textfield,,,0,0,0,0,0,0,0,14,0,,,,table number,0,0,20,1,,0,,,,,,
CAP21_R2125_2_C1,Capitol 2.1 Rînd. 2125 col.2,dec/DataSet/Data/CAP21_R2125-2_C1,,,float,textfield,,,0,0,0,0,0,0,0,14,0,,,,table number,0,0,20,1,,0,,,,,,
CAP21_R2125_3_C1,Capitol 2.1 Rînd. 2125 col.3,dec/DataSet/Data/CAP21_R2125-3_C1,,,float,textfield,,,0,0,0,0,0,0,0,14,0,,,,table number,0,0,20,1,,0,,,,,,
CAP21_R2125_4_C1,Capitol 2.1 Rînd. 2125 col.4,dec/DataSet/Data/CAP21_R2125-4_C1,,,float,textfield,,,0,0,0,0,0,0,0,14,0,,,,table number,0,0,20,1,,0,,,,,,
CAP21_R2126_1_C1,Capitol 2.1 Rînd. 2126 col.1,dec/DataSet/Data/CAP21_R2126-1_C1,,,float,textfield,,,0,0,0,0,0,0,0,14,0,,,,table number,0,0,20,1,,0,,,,,,
CAP21_R2127_1_C1,Capitol 2.1 Rînd. 2127 col.1,dec/DataSet/Data/CAP21_R2127-1_C1,,,float,textfield,,,0,0,0,0,0,0,0,14,0,,,,table number,0,0,20,1,,0,,,,,,
CAP21_R2127_2_C1,Capitol 2.1 Rînd. 2127 col.2,dec/DataSet/Data/CAP21_R2127-2_C1,,,float,textfield,,,0,0,0,0,0,0,0,14,0,,,,table number,0,0,20,1,,0,,,,,,
CAP21_R2127_3_C1,Capitol 2.1 Rînd. 2127 col.3,dec/DataSet/Data/CAP21_R2127-3_C1,,,float,textfield,,,0,0,0,0,0,0,0,14,0,,,,table number,0,0,20,1,,0,,,,,,
CAP21_R2127_4_C1,Capitol 2.1 Rînd. 2127 col.4,dec/DataSet/Data/CAP21_R2127-4_C1,,,float,textfield,,,0,0,0,0,0,0,0,14,0,,,,table number,0,0,20,1,,0,,,,,,
CAP21_R2128_1_C1,Capitol 2.1 Rînd. 2128 col.1,dec/DataSet/Data/CAP21_R2128-1_C1,,,float,textfield,,,0,0,0,0,0,0,0,14,0,,,,table number,0,0,20,1,,0,,,,,,
CAP21_R2128_2_C1,Capitol 2.1 Rînd. 2128 col.2,dec/DataSet/Data/CAP21_R2128-2_C1,,,float,textfield,,,0,0,0,0,0,0,0,14,0,,,,table number,0,0,20,1,,0,,,,,,
CAP21_R2128_3_C1,Capitol 2.1 Rînd. 2128 col.3,dec/DataSet/Data/CAP21_R2128-3_C1,,,float,textfield,,,0,0,0,0,0,0,0,14,0,,,,table number,0,0,20,1,,0,,,,,,
CAP21_R2128_4_C1,Capitol 2.1 Rînd. 2128 col.4,dec/DataSet/Data/CAP21_R2128-4_C1,,,float,textfield,,,0,0,0,0,0,0,0,14,0,,,,table number,0,0,20,1,,0,,,,,,
CAP21_R2129_1_C1,Capitol 2.1 Rînd. 2129 col.1,dec/DataSet/Data/CAP21_R2129-1_C1,,,float,textfield,,,0,0,0,0,0,0,0,14,0,,,,table number,0,0,20,1,,0,,,,,,
CAP21_R2130_1_C1,Capitol 2.1 Rînd. 2130 col.1,dec/DataSet/Data/CAP21_R2130-1_C1,,,float,textfield,,,0,0,0,0,0,0,0,14,0,,,,table number,0,0,20,1,,0,,,,,,
CAP21_R2130_2_C1,Capitol 2.1 Rînd. 2130 col.2,dec/DataSet/Data/CAP21_R2130-2_C1,,,float,textfield,,,0,0,0,0,0,0,0,14,0,,,,table number,0,0,20,1,,0,,,,,,
CAP21_R2130_3_C1,Capitol 2.1 Rînd. 2130 col.3,dec/DataSet/Data/CAP21_R2130-3_C1,,,float,textfield,,,0,0,0,0,0,0,0,14,0,,,,table number,0,0,20,1,,0,,,,,,
CAP3_R320_C1,Capitol 3 Rînd. 320 col.1,dec/DataSet/Data/CAP3_R320_C1,,,float,textfield,,,0,0,0,0,0,0,0,14,0,,,,table number,0,0,20,1,,0,,,,,,
CAP3_R320_C2,Capitol 3 Rînd. 320 col.2,dec/DataSet/Data/CAP3_R320_C2,,,float,textfield,,,0,0,0,0,0,0,0,14,0,,,,table number,0,0,20,1,,0,,,,,,
CAP3_R330_C1,Capitol 3 Rînd. 330 col.1,dec/DataSet/Data/CAP3_R330_C1,,,float,textfield,,,0,0,0,0,0,0,0,14,0,,,,table number,0,0,20,1,,0,,,,,,
CAP3_R330_C2,Capitol 3 Rînd. 330 col.2,dec/DataSet/Data/CAP3_R330_C2,,,float,textfield,,,0,0,0,0,0,0,0,14,0,,,,table number,0,0,20,1,,0,,,,,,
CAP3_R340_C1,Capitol 3 Rînd. 340 col.1,dec/DataSet/Data/CAP3_R340_C1,,,float,textfield,,,0,0,0,0,0,0,0,14,0,,,,table number,0,0,20,1,,0,,,,,,
CAP3_R340_C2,Capitol 3 Rînd. 340 col.2,dec/DataSet/Data/CAP3_R340_C2,,,float,textfield,,,0,0,0,0,0,0,0,14,0,,,,table number,0,0,20,1,,0,,,,,,
CAP3_R350_C1,Capitol 3 Rînd. 350 col.1,dec/DataSet/Data/CAP3_R350_C1,,,float,textfield,,,0,0,0,0,0,0,0,14,0,,,,table number,0,0,20,1,,0,,,,,,
CAP3_R350_C2,Capitol 3 Rînd. 350 col.2,dec/DataSet/Data/CAP3_R350_C2,,,float,textfield,,,0,0,0,0,0,0,0,14,0,,,,table number,0,0,20,1,,0,,,,,,
CAP4_R400_C3,Tabel 4 Rînd. 400 col.1,dec/DataSet/Data/CAP4_R400_C3,,,float,textfield,,,0,0,0,0,0,1,0,14,0,,,,table number,0,0,20,1,,0,,,,,,
CAP4_R400_C4,Tabel 4 Rînd. 400 col.2,dec/DataSet/Data/CAP4_R400_C4,,,numeric,textfield,,,0,0,0,0,0,1,0,14,0,,,,table number,0,0,20,0,,0,,,,,,
CAP4_R400_C5,Tabel 4 Rînd. 400 col.3,dec/DataSet/Data/CAP4_R400_C5,,,float,textfield,,,0,0,0,0,0,1,0,14,0,,,,table number,0,0,20,1,,0,,,,,,
CAP4_R_CA,Tabel 4 col.A,dec/DataSet/Data/CAP4_R[line]/CAP4_R_CA,CAP4,,numeric,textfield,,,0,0,0,0,0,1,0,72,0,,,,table number row-index,0,0,15,0,,0,,,,,,
CAP4_R_C31,Tabel 4 col.B,dec/DataSet/Data/CAP4_R[line]/CAP4_R_C31,CAP4,,numeric,textfield,,,0,0,0,0,0,0,0,73,0,,,,table number CAP4_R_C31,0,4,4,0,,0,,,,,,
CAP4_R_C32,Tabel 4 col.C,dec/DataSet/Data/CAP4_R[line]/CAP4_R_C32,CAP4,,text,select,,,0,0,0,0,0,0,0,74,0,,,,CAP4_R_C32,0,0,15,0,,0,,,,,,
CAP4_R_C3,Tabel 4 col.1,dec/DataSet/Data/CAP4_R[line]/CAP4_R_C3,CAP4,,float,textfield,,,0,0,0,0,0,0,0,75,0,,,,table number,0,0,15,1,,0,,,,,,
CAP4_R_C4,Tabel 4 col.2,dec/DataSet/Data/CAP4_R[line]/CAP4_R_C4,CAP4,,numeric,textfield,,,0,0,0,0,0,0,0,76,0,,,,table number,0,0,15,0,,0,,,,,,
CAP4_R_C5,Tabel 4 col.3,dec/DataSet/Data/CAP4_R[line]/CAP4_R_C5,CAP4,,float,textfield,,,0,0,0,0,0,0,0,76,0,,,,table number,0,0,15,1,,0,,,,,,
CAP5_R500_C8,Tabel 5 Rînd. 500 col.1,dec/DataSet/Data/CAP5_R500_C8,,,float,textfield,,,0,0,0,0,0,1,0,14,0,,,,table number,0,0,20,1,,0,,,,,,
CAP5_R500_C9,Tabel 5 Rînd. 500 col.2,dec/DataSet/Data/CAP5_R500_C9,,,float,textfield,,,0,0,0,0,0,1,0,14,0,,,,table number,0,0,20,1,,0,,,,,,
CAP5_R500_C10,Tabel 5 Rînd. 500 col.3,dec/DataSet/Data/CAP5_R500_C10,,,float,textfield,,,0,0,0,0,0,1,0,14,0,,,,table number,0,0,20,1,,0,,,,,,
CAP5_R_CA,Tabel 5 col.A,dec/DataSet/Data/CAP5_R[line]/CAP5_R_CA,CAP5,,numeric,textfield,,,0,0,0,0,0,1,0,72,0,,,,table number row-index,0,0,100,0,,0,,,,,,
CAP5_R_CB,Tabel 5 col.B,dec/DataSet/Data/CAP5_R[line]/CAP5_R_CB,CAP5,,text,textfield,,,0,0,0,0,0,0,0,14,0,,,,,0,0,100,0,,0,,,,,,
CAP5_R_CC,Tabel 5 col.C,dec/DataSet/Data/CAP5_R[line]/CAP5_R_CC,CAP5,,text,textfield,,,0,0,0,0,0,0,0,14,0,,,,,0,0,100,0,,0,,,,,,
CAP5_R_C1,"Tabel 5 col.D, raion",dec/DataSet/Data/CAP5_R[line]/CAP5_R_C1,CAP5,,text,textfield,,,0,0,0,0,0,0,0,14,0,,,,,0,0,100,0,,0,,,,,,
CAP5_R_C32,"Tabel 5 col.D, Localitatea",dec/DataSet/Data/CAP5_R[line]/CAP5_R_C32,CAP5,,text,textfield,,,0,0,0,0,0,0,0,14,0,,,,,0,0,100,0,,0,,,,,,
CAP5_R_C33,"Tabel 5 col.D, Strada",dec/DataSet/Data/CAP5_R[line]/CAP5_R_C33,CAP5,,text,select2,,,0,0,0,0,0,0,1,14,0,@cuatm,<?php return classifiers_get_list('cuatm_villages'); ?>,,,0,0,100,0,,0,,,,,,
CAP5_R_C34,"Tabel 5 col.D, Numar Casa",dec/DataSet/Data/CAP5_R[line]/CAP5_R_C34,CAP5,,text,textfield,,,0,0,0,0,0,0,0,14,0,,,,,0,0,100,0,,0,,,,,,
CAP5_R_C35,"Tabel 5 col.D, Numar Apartament",dec/DataSet/Data/CAP5_R[line]/CAP5_R_C35,CAP5,,text,textfield,,,0,0,0,0,0,0,0,14,0,,,,,0,0,100,0,,0,,,,,,
CAP5_R_C36,"Tabel 5 col.D, CUATM",dec/DataSet/Data/CAP5_R[line]/CAP5_R_C36,CAP5,,text,textfield,,,0,0,0,0,0,0,0,3,0,,,,,0,0,100,0,,0,,,,,,
CAP5_R_C37,"Tabel 5 col.F, CAEM-2",dec/DataSet/Data/CAP5_R[line]/CAP5_R_C37,CAP5,,text,select,,,0,0,0,0,0,0,0,14,0,,,,CAP5_R_C37,0,0,100,0,,0,,,,,,
CAP5_R_C8,Tabel 5 col.1,dec/DataSet/Data/CAP5_R[line]/CAP5_R_C8,CAP5,,float,textfield,,,0,0,0,0,0,0,0,14,0,,,,table number,0,0,100,1,,0,,,,,,
CAP5_R_C9,Tabel 5 col.2,dec/DataSet/Data/CAP5_R[line]/CAP5_R_C9,CAP5,,float,textfield,,,0,0,0,0,0,0,0,14,0,,,,table number,0,0,100,1,,0,,,,,,
CAP5_R_C10,Tabel 5 col.3,dec/DataSet/Data/CAP5_R[line]/CAP5_R_C10,CAP5,,float,textfield,,,0,0,0,0,0,0,0,14,0,,,,table number,0,0,100,1,,0,,,,,,
CAP9_R900_C1,Capitol 9 Rînd. 900 col.1,dec/DataSet/Data/CAP9_R900_C1,,,float,textfield,,,0,0,0,0,0,0,0,14,0,,,,table number,0,0,20,1,,0,,,,,,
CAP9_R910_C1,Capitol 9 Rînd. 910 col.1,dec/DataSet/Data/CAP9_R910_C1,,,float,textfield,,,0,0,0,0,0,0,0,14,0,,,,table number,0,0,20,1,,0,,,,,,
CAP9_R920_C1,Capitol 9 Rînd. 920 col.1,dec/DataSet/Data/CAP9_R920_C1,,,float,textfield,,,0,0,0,0,0,0,0,14,0,,,,table number,0,0,20,1,,0,,,,,,
CAP9_R930_C1,Capitol 9 Rînd. 930 col.1,dec/DataSet/Data/CAP9_R930_C1,,,float,textfield,,,0,0,0,0,0,0,0,14,0,,,,table number,0,0,20,1,,0,,,,,,
CAP9_R940_C1,Capitol 9 Rînd. 940 col.1,dec/DataSet/Data/CAP9_R940_C1,,,float,textfield,,,0,0,0,0,0,0,0,14,0,,,,table number,0,0,20,1,,0,,,,,,
CAP9_R950_C1,Capitol 9 Rînd. 950 col.1,dec/DataSet/Data/CAP9_R950_C1,,,float,textfield,,,0,0,0,0,0,0,0,14,0,,,,table number,0,0,20,1,,0,,,,,,
CAP9_R960_C1,Capitol 9 Rînd. 960 col.1,dec/DataSet/Data/CAP9_R960_C1,,,float,textfield,,,0,0,0,0,0,0,0,14,0,,,,table number,0,0,20,1,,0,,,,,,
CAP9_R970_C1,Capitol 9 Rînd. 970 col.1,dec/DataSet/Data/CAP9_R970_C1,,,float,textfield,,,0,0,0,0,0,0,0,14,0,,,,table number,0,0,20,1,,0,,,,,,
CAP9_R980_C1,Capitol 9 Rînd. 980 col.1,dec/DataSet/Data/CAP9_R980_C1,,,numeric,textfield,,,0,0,0,0,0,0,0,14,0,,,,table number,0,0,20,1,,0,,,,,,
caem_select,,,,,text,container,,,0,0,0,0,0,0,0,18,0,,<?php return classifiers_load_table(18); ?>,,,0,0,0,0,,0,,,,,,
